{"cameraMode":{"drawMode":0,"name":"Shaded","section":"Shading Mode"},"sceneLighting":true,"audioPlay":false,"sceneViewState":{"m_AlwaysRefresh":false,"showFog":true,"showSkybox":true,"showFlares":true,"showImageEffects":true,"showParticleSystems":true,"showVisualEffectGraphs":true,"m_FxEnabled":true},"in2DMode":false,"pivot":{"x":334.68658447265627,"y":403.39801025390627,"z":-2.5443649291992189},"rotation":{"x":0.019498569890856744,"y":-0.004499129019677639,"z":0.00008774415618972853,"w":0.9997997879981995},"size":234.09056091308595,"orthographic":true}